index,Shortcodes
0,:100:
1,:1234:
2,:umbrella_with_rain_drops:
3,:coffee:
4,:aries:
5,:taurus:
6,:sagittarius:
7,:capricorn:
8,:aquarius:
9,:pisces:
10,:anchor:
11,:white_check_mark:
12,:sparkles:
13,:question:
14,:grey_question:
15,:grey_exclamation:
16,:exclamation:
17,:heavy_exclamation_mark:
18,:heavy_plus_sign:
19,:heavy_minus_sign:
20,:heavy_division_sign:
21,:hash:
22,:keycap_star:
23,:zero:
24,:one:
25,:two:
26,:three:
27,:four:
28,:five:
29,:six:
30,:seven:
31,:eight:
32,:nine:
33,:copyright:
34,:registered:
35,:mahjong:
36,:black_joker:
37,:a:
38,:b:
39,:o2:
40,:parking:
41,:ab:
42,:cl:
43,:cool:
44,:free:
45,:id:
46,:new:
47,:ng:
48,:ok:
49,:sos:
50,:up:
51,:vs:
52,:flag-ac:
53,:flag-ad:
54,:flag-ae:
55,:flag-af:
56,:flag-ag:
57,:flag-ai:
58,:flag-al:
59,:flag-am:
60,:flag-ao:
61,:flag-aq:
62,:flag-ar:
63,:flag-as:
64,:flag-at:
65,:flag-au:
66,:flag-aw:
67,:flag-ax:
68,:flag-az:
69,:flag-ba:
70,:flag-bb:
71,:flag-bd:
72,:flag-be:
73,:flag-bf:
74,:flag-bg:
75,:flag-bh:
76,:flag-bi:
77,:flag-bj:
78,:flag-bl:
79,:flag-bm:
80,:flag-bn:
81,:flag-bo:
82,:flag-bq:
83,:flag-br:
84,:flag-bs:
85,:flag-bt:
86,:flag-bv:
87,:flag-bw:
88,:flag-by:
89,:flag-bz:
90,:flag-ca:
91,:flag-cc:
92,:flag-cd:
93,:flag-cf:
94,:flag-cg:
95,:flag-ch:
96,:flag-ci:
97,:flag-ck:
98,:flag-cl:
99,:flag-cm:
100,:cn:
101,:flag-cn:
102,:flag-co:
103,:flag-cp:
104,:flag-cr:
105,:flag-cu:
106,:flag-cv:
107,:flag-cw:
108,:flag-cx:
109,:flag-cy:
110,:flag-cz:
111,:de:
112,:flag-de:
113,:flag-dg:
114,:flag-dj:
115,:flag-dk:
116,:flag-dm:
117,:flag-do:
118,:flag-dz:
119,:flag-ea:
120,:flag-ec:
121,:flag-ee:
122,:flag-eg:
123,:flag-eh:
124,:flag-er:
125,:es:
126,:flag-es:
127,:flag-et:
128,:flag-eu:
129,:flag-fi:
130,:flag-fj:
131,:flag-fk:
132,:flag-fm:
133,:flag-fo:
134,:fr:
135,:flag-fr:
136,:flag-ga:
137,:gb:
138,:uk:
139,:flag-gb:
140,:flag-gd:
141,:flag-ge:
142,:flag-gf:
143,:flag-gg:
144,:flag-gh:
145,:flag-gi:
146,:flag-gl:
147,:flag-gm:
148,:flag-gn:
149,:flag-gp:
150,:flag-gq:
151,:flag-gr:
152,:flag-gs:
153,:flag-gt:
154,:flag-gu:
155,:flag-gw:
156,:flag-gy:
157,:flag-hk:
158,:flag-hm:
159,:flag-hn:
160,:flag-hr:
161,:flag-ht:
162,:flag-hu:
163,:flag-ic:
164,:flag-id:
165,:flag-ie:
166,:flag-il:
167,:flag-im:
168,:flag-in:
169,:flag-io:
170,:flag-iq:
171,:flag-ir:
172,:flag-is:
173,:it:
174,:flag-it:
175,:flag-je:
176,:flag-jm:
177,:flag-jo:
178,:jp:
179,:flag-jp:
180,:flag-ke:
181,:flag-kg:
182,:flag-kh:
183,:flag-ki:
184,:flag-km:
185,:flag-kn:
186,:flag-kp:
187,:kr:
188,:flag-kr:
189,:flag-kw:
190,:flag-ky:
191,:flag-kz:
192,:flag-la:
193,:flag-lb:
194,:flag-lc:
195,:flag-li:
196,:flag-lk:
197,:flag-lr:
198,:flag-ls:
199,:flag-lt:
200,:flag-lu:
201,:flag-lv:
202,:flag-ly:
203,:flag-ma:
204,:flag-mc:
205,:flag-md:
206,:flag-me:
207,:flag-mf:
208,:flag-mg:
209,:flag-mh:
210,:flag-mk:
211,:flag-ml:
212,:flag-mm:
213,:flag-mn:
214,:flag-mo:
215,:flag-mp:
216,:flag-mq:
217,:flag-mr:
218,:flag-ms:
219,:flag-mt:
220,:flag-mu:
221,:flag-mv:
222,:flag-mw:
223,:flag-mx:
224,:flag-my:
225,:flag-mz:
226,:flag-na:
227,:flag-nc:
228,:flag-ne:
229,:flag-nf:
230,:flag-ng:
231,:flag-ni:
232,:flag-nl:
233,:flag-no:
234,:flag-np:
235,:flag-nr:
236,:flag-nu:
237,:flag-nz:
238,:flag-om:
239,:flag-pa:
240,:flag-pe:
241,:flag-pf:
242,:flag-pg:
243,:flag-ph:
244,:flag-pk:
245,:flag-pl:
246,:flag-pm:
247,:flag-pn:
248,:flag-pr:
249,:flag-ps:
250,:flag-pt:
251,:flag-pw:
252,:flag-py:
253,:flag-qa:
254,:flag-re:
255,:flag-ro:
256,:flag-rs:
257,:ru:
258,:flag-ru:
259,:flag-rw:
260,:flag-sa:
261,:flag-sb:
262,:flag-sc:
263,:flag-sd:
264,:flag-se:
265,:flag-sg:
266,:flag-sh:
267,:flag-si:
268,:flag-sj:
269,:flag-sk:
270,:flag-sl:
271,:flag-sm:
272,:flag-sn:
273,:flag-so:
274,:flag-sr:
275,:flag-ss:
276,:flag-st:
277,:flag-sv:
278,:flag-sx:
279,:flag-sy:
280,:flag-sz:
281,:flag-ta:
282,:flag-tc:
283,:flag-td:
284,:flag-tf:
285,:flag-tg:
286,:flag-th:
287,:flag-tj:
288,:flag-tk:
289,:flag-tl:
290,:flag-tm:
291,:flag-tn:
292,:flag-to:
293,:flag-tr:
294,:flag-tt:
295,:flag-tv:
296,:flag-tw:
297,:flag-tz:
298,:flag-ua:
299,:flag-ug:
300,:flag-um:
301,:flag-un:
302,:us:
303,:flag-us:
304,:flag-uy:
305,:flag-uz:
306,:flag-va:
307,:flag-vc:
308,:flag-ve:
309,:flag-vg:
310,:flag-vi:
311,:flag-vn:
312,:flag-vu:
313,:flag-wf:
314,:flag-ws:
315,:flag-xk:
316,:flag-ye:
317,:flag-yt:
318,:flag-za:
319,:flag-zm:
320,:flag-zw:
321,:koko:
322,:sa:
323,:u7121:
324,:u6307:
325,:u7981:
326,:u7a7a:
327,:u5408:
328,:u6e80:
329,:u6709:
330,:u6708:
331,:u7533:
332,:u5272:
333,:u55b6:
334,:ideograph_advantage:
335,:accept:
336,:cyclone:
337,:foggy:
338,:closed_umbrella:
339,:night_with_stars:
340,:sunrise_over_mountains:
341,:sunrise:
342,:city_sunset:
343,:city_sunrise:
344,:rainbow:
345,:bridge_at_night:
346,:ocean:
347,:volcano:
348,:milky_way:
349,:earth_africa:
350,:earth_americas:
351,:earth_asia:
352,:globe_with_meridians:
353,:new_moon:
354,:waxing_crescent_moon:
355,:first_quarter_moon:
356,:moon:
357,:waxing_gibbous_moon:
358,:full_moon:
359,:waning_gibbous_moon:
360,:last_quarter_moon:
361,:waning_crescent_moon:
362,:crescent_moon:
363,:new_moon_with_face:
364,:first_quarter_moon_with_face:
365,:last_quarter_moon_with_face:
366,:full_moon_with_face:
367,:sun_with_face:
368,:star2:
369,:stars:
370,:thermometer:
371,:mostly_sunny:
372,:sun_small_cloud:
373,:barely_sunny:
374,:sun_behind_cloud:
375,:partly_sunny_rain:
376,:sun_behind_rain_cloud:
377,:rain_cloud:
378,:snow_cloud:
379,:lightning:
380,:lightning_cloud:
381,:tornado:
382,:tornado_cloud:
383,:fog:
384,:wind_blowing_face:
385,:hotdog:
386,:taco:
387,:burrito:
388,:chestnut:
389,:seedling:
390,:evergreen_tree:
391,:deciduous_tree:
392,:palm_tree:
393,:cactus:
394,:hot_pepper:
395,:tulip:
396,:cherry_blossom:
397,:rose:
398,:hibiscus:
399,:sunflower:
400,:blossom:
401,:corn:
402,:ear_of_rice:
403,:herb:
404,:four_leaf_clover:
405,:maple_leaf:
406,:fallen_leaf:
407,:leaves:
408,:mushroom:
409,:tomato:
410,:eggplant:
411,:grapes:
412,:melon:
413,:watermelon:
414,:tangerine:
415,:lemon:
416,:banana:
417,:pineapple:
418,:apple:
419,:green_apple:
420,:pear:
421,:peach:
422,:cherries:
423,:strawberry:
424,:hamburger:
425,:pizza:
426,:meat_on_bone:
427,:poultry_leg:
428,:rice_cracker:
429,:rice_ball:
430,:rice:
431,:curry:
432,:ramen:
433,:spaghetti:
434,:bread:
435,:fries:
436,:sweet_potato:
437,:dango:
438,:oden:
439,:sushi:
440,:fried_shrimp:
441,:fish_cake:
442,:icecream:
443,:shaved_ice:
444,:ice_cream:
445,:doughnut:
446,:cookie:
447,:chocolate_bar:
448,:candy:
449,:lollipop:
450,:custard:
451,:honey_pot:
452,:cake:
453,:bento:
454,:stew:
455,:fried_egg:
456,:cooking:
457,:fork_and_knife:
458,:tea:
459,:sake:
460,:wine_glass:
461,:cocktail:
462,:tropical_drink:
463,:beer:
464,:beers:
465,:baby_bottle:
466,:knife_fork_plate:
467,:champagne:
468,:popcorn:
469,:ribbon:
470,:gift:
471,:birthday:
472,:jack_o_lantern:
473,:christmas_tree:
474,:santa:
475,:fireworks:
476,:sparkler:
477,:balloon:
478,:tada:
479,:confetti_ball:
480,:tanabata_tree:
481,:crossed_flags:
482,:bamboo:
483,:dolls:
484,:flags:
485,:wind_chime:
486,:rice_scene:
487,:school_satchel:
488,:mortar_board:
489,:medal:
490,:reminder_ribbon:
491,:studio_microphone:
492,:level_slider:
493,:control_knobs:
494,:film_frames:
495,:admission_tickets:
496,:carousel_horse:
497,:ferris_wheel:
498,:roller_coaster:
499,:fishing_pole_and_fish:
500,:microphone:
501,:movie_camera:
502,:cinema:
503,:headphones:
504,:art:
505,:tophat:
506,:circus_tent:
507,:ticket:
508,:clapper:
509,:performing_arts:
510,:video_game:
511,:dart:
512,:slot_machine:
513,:8ball:
514,:game_die:
515,:bowling:
516,:flower_playing_cards:
517,:musical_note:
518,:notes:
519,:saxophone:
520,:guitar:
521,:musical_keyboard:
522,:trumpet:
523,:violin:
524,:musical_score:
525,:running_shirt_with_sash:
526,:tennis:
527,:ski:
528,:basketball:
529,:checkered_flag:
530,:snowboarder:
531,:woman-running:
532,:man-running:
533,:runner:
534,:running:
535,:woman-surfing:
536,:man-surfing:
537,:surfer:
538,:sports_medal:
539,:trophy:
540,:horse_racing:
541,:football:
542,:rugby_football:
543,:woman-swimming:
544,:man-swimming:
545,:swimmer:
546,:woman-lifting-weights:
547,:man-lifting-weights:
548,:weight_lifter:
549,:woman-golfing:
550,:man-golfing:
551,:golfer:
552,:racing_motorcycle:
553,:racing_car:
554,:cricket_bat_and_ball:
555,:volleyball:
556,:field_hockey_stick_and_ball:
557,:ice_hockey_stick_and_puck:
558,:table_tennis_paddle_and_ball:
559,:snow_capped_mountain:
560,:camping:
561,:beach_with_umbrella:
562,:building_construction:
563,:house_buildings:
564,:cityscape:
565,:derelict_house_building:
566,:classical_building:
567,:desert:
568,:desert_island:
569,:national_park:
570,:stadium:
571,:house:
572,:house_with_garden:
573,:office:
574,:post_office:
575,:european_post_office:
576,:hospital:
577,:bank:
578,:atm:
579,:hotel:
580,:love_hotel:
581,:convenience_store:
582,:school:
583,:department_store:
584,:factory:
585,:izakaya_lantern:
586,:lantern:
587,:japanese_castle:
588,:european_castle:
589,:rainbow-flag:
590,:transgender_flag:
591,:waving_white_flag:
592,:pirate_flag:
593,:flag-england:
594,:flag-scotland:
595,:flag-wales:
596,:waving_black_flag:
597,:rosette:
598,:label:
599,:badminton_racquet_and_shuttlecock:
600,:bow_and_arrow:
601,:amphora:
602,:skin-tone-2:
603,:skin-tone-3:
604,:skin-tone-4:
605,:skin-tone-5:
606,:skin-tone-6:
607,:rat:
608,:mouse2:
609,:ox:
610,:water_buffalo:
611,:cow2:
612,:tiger2:
613,:leopard:
614,:rabbit2:
615,:black_cat:
616,:cat2:
617,:dragon:
618,:crocodile:
619,:whale2:
620,:snail:
621,:snake:
622,:racehorse:
623,:ram:
624,:goat:
625,:sheep:
626,:monkey:
627,:rooster:
628,:chicken:
629,:service_dog:
630,:dog2:
631,:pig2:
632,:boar:
633,:elephant:
634,:octopus:
635,:shell:
636,:bug:
637,:ant:
638,:bee:
639,:honeybee:
640,:ladybug:
641,:lady_beetle:
642,:fish:
643,:tropical_fish:
644,:blowfish:
645,:turtle:
646,:hatching_chick:
647,:baby_chick:
648,:hatched_chick:
649,:bird:
650,:penguin:
651,:koala:
652,:poodle:
653,:dromedary_camel:
654,:camel:
655,:dolphin:
656,:flipper:
657,:mouse:
658,:cow:
659,:tiger:
660,:rabbit:
661,:cat:
662,:dragon_face:
663,:whale:
664,:horse:
665,:monkey_face:
666,:dog:
667,:pig:
668,:frog:
669,:hamster:
670,:wolf:
671,:polar_bear:
672,:bear:
673,:panda_face:
674,:pig_nose:
675,:feet:
676,:paw_prints:
677,:chipmunk:
678,:eyes:
679,:eye-in-speech-bubble:
680,:eye:
681,:ear:
682,:nose:
683,:lips:
684,:tongue:
685,:point_up_2:
686,:point_down:
687,:point_left:
688,:point_right:
689,:facepunch:
690,:punch:
691,:wave:
692,:ok_hand:
693,:+1:
694,:thumbsup:
695,:-1:
696,:thumbsdown:
697,:clap:
698,:open_hands:
699,:crown:
700,:womans_hat:
701,:eyeglasses:
702,:necktie:
703,:shirt:
704,:tshirt:
705,:jeans:
706,:dress:
707,:kimono:
708,:bikini:
709,:womans_clothes:
710,:purse:
711,:handbag:
712,:pouch:
713,:mans_shoe:
714,:shoe:
715,:athletic_shoe:
716,:high_heel:
717,:sandal:
718,:boot:
719,:footprints:
720,:bust_in_silhouette:
721,:busts_in_silhouette:
722,:boy:
723,:girl:
724,:male-farmer:
725,:male-cook:
726,:man_feeding_baby:
727,:male-student:
728,:male-singer:
729,:male-artist:
730,:male-teacher:
731,:male-factory-worker:
732,:man-boy-boy:
733,:man-boy:
734,:man-girl-boy:
735,:man-girl-girl:
736,:man-girl:
737,:man-man-boy:
738,:man-man-boy-boy:
739,:man-man-girl:
740,:man-man-girl-boy:
741,:man-man-girl-girl:
742,:man-woman-boy:
743,:family:
744,:man-woman-boy-boy:
745,:man-woman-girl:
746,:man-woman-girl-boy:
747,:man-woman-girl-girl:
748,:male-technologist:
749,:male-office-worker:
750,:male-mechanic:
751,:male-scientist:
752,:male-astronaut:
753,:male-firefighter:
754,:man_with_probing_cane:
755,:red_haired_man:
756,:curly_haired_man:
757,:bald_man:
758,:white_haired_man:
759,:man_in_motorized_wheelchair:
760,:man_in_manual_wheelchair:
761,:male-doctor:
762,:male-judge:
763,:male-pilot:
764,:man-heart-man:
765,:man-kiss-man:
766,:man:
767,:female-farmer:
768,:female-cook:
769,:woman_feeding_baby:
770,:female-student:
771,:female-singer:
772,:female-artist:
773,:female-teacher:
774,:female-factory-worker:
775,:woman-boy-boy:
776,:woman-boy:
777,:woman-girl-boy:
778,:woman-girl-girl:
779,:woman-girl:
780,:woman-woman-boy:
781,:woman-woman-boy-boy:
782,:woman-woman-girl:
783,:woman-woman-girl-boy:
784,:woman-woman-girl-girl:
785,:female-technologist:
786,:female-office-worker:
787,:female-mechanic:
788,:female-scientist:
789,:female-astronaut:
790,:female-firefighter:
791,:woman_with_probing_cane:
792,:red_haired_woman:
793,:curly_haired_woman:
794,:bald_woman:
795,:white_haired_woman:
796,:woman_in_motorized_wheelchair:
797,:woman_in_manual_wheelchair:
798,:female-doctor:
799,:female-judge:
800,:female-pilot:
801,:woman-heart-man:
802,:woman-heart-woman:
803,:woman-kiss-man:
804,:woman-kiss-woman:
805,:woman:
806,:man_and_woman_holding_hands:
807,:woman_and_man_holding_hands:
808,:couple:
809,:two_men_holding_hands:
810,:men_holding_hands:
811,:two_women_holding_hands:
812,:women_holding_hands:
813,:female-police-officer:
814,:male-police-officer:
815,:cop:
816,:women-with-bunny-ears-partying:
817,:woman-with-bunny-ears-partying:
818,:dancers:
819,:men-with-bunny-ears-partying:
820,:man-with-bunny-ears-partying:
821,:woman_with_veil:
822,:man_with_veil:
823,:bride_with_veil:
824,:blond-haired-woman:
825,:blond-haired-man:
826,:person_with_blond_hair:
827,:man_with_gua_pi_mao:
828,:woman-wearing-turban:
829,:man-wearing-turban:
830,:man_with_turban:
831,:older_man:
832,:older_woman:
833,:baby:
834,:female-construction-worker:
835,:male-construction-worker:
836,:construction_worker:
837,:princess:
838,:japanese_ogre:
839,:japanese_goblin:
840,:ghost:
841,:angel:
842,:alien:
843,:space_invader:
844,:imp:
845,:skull:
846,:woman-tipping-hand:
847,:information_desk_person:
848,:man-tipping-hand:
849,:female-guard:
850,:male-guard:
851,:guardsman:
852,:dancer:
853,:lipstick:
854,:nail_care:
855,:woman-getting-massage:
856,:massage:
857,:man-getting-massage:
858,:woman-getting-haircut:
859,:haircut:
860,:man-getting-haircut:
861,:barber:
862,:syringe:
863,:pill:
864,:kiss:
865,:love_letter:
866,:ring:
867,:gem:
868,:couplekiss:
869,:bouquet:
870,:couple_with_heart:
871,:wedding:
872,:heartbeat:
873,:broken_heart:
874,:two_hearts:
875,:sparkling_heart:
876,:heartpulse:
877,:cupid:
878,:blue_heart:
879,:green_heart:
880,:yellow_heart:
881,:purple_heart:
882,:gift_heart:
883,:revolving_hearts:
884,:heart_decoration:
885,:diamond_shape_with_a_dot_inside:
886,:bulb:
887,:anger:
888,:bomb:
889,:zzz:
890,:boom:
891,:collision:
892,:sweat_drops:
893,:droplet:
894,:dash:
895,:hankey:
896,:poop:
897,:shit:
898,:muscle:
899,:dizzy:
900,:speech_balloon:
901,:thought_balloon:
902,:white_flower:
903,:moneybag:
904,:currency_exchange:
905,:heavy_dollar_sign:
906,:credit_card:
907,:yen:
908,:dollar:
909,:euro:
910,:pound:
911,:money_with_wings:
912,:chart:
913,:seat:
914,:computer:
915,:briefcase:
916,:minidisc:
917,:floppy_disk:
918,:cd:
919,:dvd:
920,:file_folder:
921,:open_file_folder:
922,:page_with_curl:
923,:page_facing_up:
924,:date:
925,:calendar:
926,:card_index:
927,:chart_with_upwards_trend:
928,:chart_with_downwards_trend:
929,:bar_chart:
930,:clipboard:
931,:pushpin:
932,:round_pushpin:
933,:paperclip:
934,:straight_ruler:
935,:triangular_ruler:
936,:bookmark_tabs:
937,:ledger:
938,:notebook:
939,:notebook_with_decorative_cover:
940,:closed_book:
941,:book:
942,:open_book:
943,:green_book:
944,:blue_book:
945,:orange_book:
946,:books:
947,:name_badge:
948,:scroll:
949,:memo:
950,:pencil:
951,:telephone_receiver:
952,:pager:
953,:fax:
954,:satellite_antenna:
955,:loudspeaker:
956,:mega:
957,:outbox_tray:
958,:inbox_tray:
959,:package:
960,:e-mail:
961,:incoming_envelope:
962,:envelope_with_arrow:
963,:mailbox_closed:
964,:mailbox:
965,:mailbox_with_mail:
966,:mailbox_with_no_mail:
967,:postbox:
968,:postal_horn:
969,:newspaper:
970,:iphone:
971,:calling:
972,:vibration_mode:
973,:mobile_phone_off:
974,:no_mobile_phones:
975,:signal_strength:
976,:camera:
977,:camera_with_flash:
978,:video_camera:
979,:tv:
980,:radio:
981,:vhs:
982,:film_projector:
983,:prayer_beads:
984,:twisted_rightwards_arrows:
985,:repeat:
986,:repeat_one:
987,:arrows_clockwise:
988,:arrows_counterclockwise:
989,:low_brightness:
990,:high_brightness:
991,:mute:
992,:speaker:
993,:sound:
994,:loud_sound:
995,:battery:
996,:electric_plug:
997,:mag:
998,:mag_right:
999,:lock_with_ink_pen:
1000,:closed_lock_with_key:
1001,:key:
1002,:lock:
1003,:unlock:
1004,:bell:
1005,:no_bell:
1006,:bookmark:
1007,:link:
1008,:radio_button:
1009,:back:
1010,:end:
1011,:on:
1012,:soon:
1013,:top:
1014,:underage:
1015,:keycap_ten:
1016,:capital_abcd:
1017,:abcd:
1018,:symbols:
1019,:abc:
1020,:fire:
1021,:flashlight:
1022,:wrench:
1023,:hammer:
1024,:nut_and_bolt:
1025,:hocho:
1026,:knife:
1027,:gun:
1028,:microscope:
1029,:telescope:
1030,:crystal_ball:
1031,:six_pointed_star:
1032,:beginner:
1033,:trident:
1034,:black_square_button:
1035,:white_square_button:
1036,:red_circle:
1037,:large_blue_circle:
1038,:large_orange_diamond:
1039,:large_blue_diamond:
1040,:small_orange_diamond:
1041,:small_blue_diamond:
1042,:small_red_triangle:
1043,:small_red_triangle_down:
1044,:arrow_up_small:
1045,:arrow_down_small:
1046,:om_symbol:
1047,:dove_of_peace:
1048,:kaaba:
1049,:mosque:
1050,:synagogue:
1051,:menorah_with_nine_branches:
1052,:clock1:
1053,:clock2:
1054,:clock3:
1055,:clock4:
1056,:clock5:
1057,:clock6:
1058,:clock7:
1059,:clock8:
1060,:clock9:
1061,:clock10:
1062,:clock11:
1063,:clock12:
1064,:clock130:
1065,:clock230:
1066,:clock330:
1067,:clock430:
1068,:clock530:
1069,:clock630:
1070,:clock730:
1071,:clock830:
1072,:clock930:
1073,:clock1030:
1074,:clock1130:
1075,:clock1230:
1076,:candle:
1077,:mantelpiece_clock:
1078,:hole:
1079,:man_in_business_suit_levitating:
1080,:female-detective:
1081,:male-detective:
1082,:sleuth_or_spy:
1083,:dark_sunglasses:
1084,:spider:
1085,:spider_web:
1086,:joystick:
1087,:man_dancing:
1088,:linked_paperclips:
1089,:lower_left_ballpoint_pen:
1090,:lower_left_fountain_pen:
1091,:lower_left_paintbrush:
1092,:lower_left_crayon:
1093,:raised_hand_with_fingers_splayed:
1094,:middle_finger:
1095,:reversed_hand_with_middle_finger_extended:
1096,:spock-hand:
1097,:black_heart:
1098,:desktop_computer:
1099,:printer:
1100,:three_button_mouse:
1101,:trackball:
1102,:frame_with_picture:
1103,:card_index_dividers:
1104,:card_file_box:
1105,:file_cabinet:
1106,:wastebasket:
1107,:spiral_note_pad:
1108,:spiral_calendar_pad:
1109,:compression:
1110,:old_key:
1111,:rolled_up_newspaper:
1112,:dagger_knife:
1113,:speaking_head_in_silhouette:
1114,:left_speech_bubble:
1115,:right_anger_bubble:
1116,:ballot_box_with_ballot:
1117,:world_map:
1118,:mount_fuji:
1119,:tokyo_tower:
1120,:statue_of_liberty:
1121,:japan:
1122,:moyai:
1123,:grinning:
1124,:grin:
1125,:joy:
1126,:smiley:
1127,:smile:
1128,:sweat_smile:
1129,:laughing:
1130,:satisfied:
1131,:innocent:
1132,:smiling_imp:
1133,:wink:
1134,:blush:
1135,:yum:
1136,:relieved:
1137,:heart_eyes:
1138,:sunglasses:
1139,:smirk:
1140,:neutral_face:
1141,:expressionless:
1142,:unamused:
1143,:sweat:
1144,:pensive:
1145,:confused:
1146,:confounded:
1147,:kissing:
1148,:kissing_heart:
1149,:kissing_smiling_eyes:
1150,:kissing_closed_eyes:
1151,:stuck_out_tongue:
1152,:stuck_out_tongue_winking_eye:
1153,:stuck_out_tongue_closed_eyes:
1154,:disappointed:
1155,:worried:
1156,:angry:
1157,:rage:
1158,:cry:
1159,:persevere:
1160,:triumph:
1161,:disappointed_relieved:
1162,:frowning:
1163,:anguished:
1164,:fearful:
1165,:weary:
1166,:sleepy:
1167,:tired_face:
1168,:grimacing:
1169,:sob:
1170,:face_exhaling:
1171,:open_mouth:
1172,:hushed:
1173,:cold_sweat:
1174,:scream:
1175,:astonished:
1176,:flushed:
1177,:sleeping:
1178,:face_with_spiral_eyes:
1179,:dizzy_face:
1180,:face_in_clouds:
1181,:no_mouth:
1182,:mask:
1183,:smile_cat:
1184,:joy_cat:
1185,:smiley_cat:
1186,:heart_eyes_cat:
1187,:smirk_cat:
1188,:kissing_cat:
1189,:pouting_cat:
1190,:crying_cat_face:
1191,:scream_cat:
1192,:slightly_frowning_face:
1193,:slightly_smiling_face:
1194,:upside_down_face:
1195,:face_with_rolling_eyes:
1196,:woman-gesturing-no:
1197,:no_good:
1198,:man-gesturing-no:
1199,:woman-gesturing-ok:
1200,:ok_woman:
1201,:man-gesturing-ok:
1202,:woman-bowing:
1203,:man-bowing:
1204,:bow:
1205,:see_no_evil:
1206,:hear_no_evil:
1207,:speak_no_evil:
1208,:woman-raising-hand:
1209,:raising_hand:
1210,:man-raising-hand:
1211,:raised_hands:
1212,:woman-frowning:
1213,:person_frowning:
1214,:man-frowning:
1215,:woman-pouting:
1216,:person_with_pouting_face:
1217,:man-pouting:
1218,:pray:
1219,:rocket:
1220,:helicopter:
1221,:steam_locomotive:
1222,:railway_car:
1223,:bullettrain_side:
1224,:bullettrain_front:
1225,:train2:
1226,:metro:
1227,:light_rail:
1228,:station:
1229,:tram:
1230,:train:
1231,:bus:
1232,:oncoming_bus:
1233,:trolleybus:
1234,:busstop:
1235,:minibus:
1236,:ambulance:
1237,:fire_engine:
1238,:police_car:
1239,:oncoming_police_car:
1240,:taxi:
1241,:oncoming_taxi:
1242,:car:
1243,:red_car:
1244,:oncoming_automobile:
1245,:blue_car:
1246,:truck:
1247,:articulated_lorry:
1248,:tractor:
1249,:monorail:
1250,:mountain_railway:
1251,:suspension_railway:
1252,:mountain_cableway:
1253,:aerial_tramway:
1254,:ship:
1255,:woman-rowing-boat:
1256,:man-rowing-boat:
1257,:rowboat:
1258,:speedboat:
1259,:traffic_light:
1260,:vertical_traffic_light:
1261,:construction:
1262,:rotating_light:
1263,:triangular_flag_on_post:
1264,:door:
1265,:no_entry_sign:
1266,:smoking:
1267,:no_smoking:
1268,:put_litter_in_its_place:
1269,:do_not_litter:
1270,:potable_water:
1271,:non-potable_water:
1272,:bike:
1273,:no_bicycles:
1274,:woman-biking:
1275,:man-biking:
1276,:bicyclist:
1277,:woman-mountain-biking:
1278,:man-mountain-biking:
1279,:mountain_bicyclist:
1280,:woman-walking:
1281,:man-walking:
1282,:walking:
1283,:no_pedestrians:
1284,:children_crossing:
1285,:mens:
1286,:womens:
1287,:restroom:
1288,:baby_symbol:
1289,:toilet:
1290,:wc:
1291,:shower:
1292,:bath:
1293,:bathtub:
1294,:passport_control:
1295,:customs:
1296,:baggage_claim:
1297,:left_luggage:
1298,:couch_and_lamp:
1299,:sleeping_accommodation:
1300,:shopping_bags:
1301,:bellhop_bell:
1302,:bed:
1303,:place_of_worship:
1304,:octagonal_sign:
1305,:shopping_trolley:
1306,:hindu_temple:
1307,:hut:
1308,:elevator:
1309,:hammer_and_wrench:
1310,:shield:
1311,:oil_drum:
1312,:motorway:
1313,:railway_track:
1314,:motor_boat:
1315,:small_airplane:
1316,:airplane_departure:
1317,:airplane_arriving:
1318,:satellite:
1319,:passenger_ship:
1320,:scooter:
1321,:motor_scooter:
1322,:canoe:
1323,:sled:
1324,:flying_saucer:
1325,:skateboard:
1326,:auto_rickshaw:
1327,:pickup_truck:
1328,:roller_skate:
1329,:large_orange_circle:
1330,:large_yellow_circle:
1331,:large_green_circle:
1332,:large_purple_circle:
1333,:large_brown_circle:
1334,:large_red_square:
1335,:large_blue_square:
1336,:large_orange_square:
1337,:large_yellow_square:
1338,:large_green_square:
1339,:large_purple_square:
1340,:large_brown_square:
1341,:pinched_fingers:
1342,:white_heart:
1343,:brown_heart:
1344,:pinching_hand:
1345,:zipper_mouth_face:
1346,:money_mouth_face:
1347,:face_with_thermometer:
1348,:nerd_face:
1349,:thinking_face:
1350,:face_with_head_bandage:
1351,:robot_face:
1352,:hugging_face:
1353,:the_horns:
1354,:sign_of_the_horns:
1355,:call_me_hand:
1356,:raised_back_of_hand:
1357,:left-facing_fist:
1358,:right-facing_fist:
1359,:handshake:
1360,:crossed_fingers:
1361,:hand_with_index_and_middle_fingers_crossed:
1362,:i_love_you_hand_sign:
1363,:face_with_cowboy_hat:
1364,:clown_face:
1365,:nauseated_face:
1366,:rolling_on_the_floor_laughing:
1367,:drooling_face:
1368,:lying_face:
1369,:woman-facepalming:
1370,:man-facepalming:
1371,:face_palm:
1372,:sneezing_face:
1373,:face_with_raised_eyebrow:
1374,:face_with_one_eyebrow_raised:
1375,:star-struck:
1376,:grinning_face_with_star_eyes:
1377,:zany_face:
1378,:grinning_face_with_one_large_and_one_small_eye:
1379,:shushing_face:
1380,:face_with_finger_covering_closed_lips:
1381,:face_with_symbols_on_mouth:
1382,:serious_face_with_symbols_covering_mouth:
1383,:face_with_hand_over_mouth:
1384,:smiling_face_with_smiling_eyes_and_hand_covering_mouth:
1385,:face_vomiting:
1386,:face_with_open_mouth_vomiting:
1387,:exploding_head:
1388,:shocked_face_with_exploding_head:
1389,:pregnant_woman:
1390,:breast-feeding:
1391,:palms_up_together:
1392,:selfie:
1393,:prince:
1394,:woman_in_tuxedo:
1395,:man_in_tuxedo:
1396,:person_in_tuxedo:
1397,:mrs_claus:
1398,:mother_christmas:
1399,:woman-shrugging:
1400,:man-shrugging:
1401,:shrug:
1402,:woman-cartwheeling:
1403,:man-cartwheeling:
1404,:person_doing_cartwheel:
1405,:woman-juggling:
1406,:man-juggling:
1407,:juggling:
1408,:fencer:
1409,:woman-wrestling:
1410,:man-wrestling:
1411,:wrestlers:
1412,:woman-playing-water-polo:
1413,:man-playing-water-polo:
1414,:water_polo:
1415,:woman-playing-handball:
1416,:man-playing-handball:
1417,:handball:
1418,:diving_mask:
1419,:wilted_flower:
1420,:drum_with_drumsticks:
1421,:clinking_glasses:
1422,:tumbler_glass:
1423,:spoon:
1424,:goal_net:
1425,:first_place_medal:
1426,:second_place_medal:
1427,:third_place_medal:
1428,:boxing_glove:
1429,:martial_arts_uniform:
1430,:curling_stone:
1431,:lacrosse:
1432,:softball:
1433,:flying_disc:
1434,:croissant:
1435,:avocado:
1436,:cucumber:
1437,:bacon:
1438,:potato:
1439,:carrot:
1440,:baguette_bread:
1441,:green_salad:
1442,:shallow_pan_of_food:
1443,:stuffed_flatbread:
1444,:egg:
1445,:glass_of_milk:
1446,:peanuts:
1447,:kiwifruit:
1448,:pancakes:
1449,:dumpling:
1450,:fortune_cookie:
1451,:takeout_box:
1452,:chopsticks:
1453,:bowl_with_spoon:
1454,:cup_with_straw:
1455,:coconut:
1456,:broccoli:
1457,:pie:
1458,:pretzel:
1459,:cut_of_meat:
1460,:sandwich:
1461,:canned_food:
1462,:leafy_green:
1463,:mango:
1464,:moon_cake:
1465,:bagel:
1466,:smiling_face_with_3_hearts:
1467,:yawning_face:
1468,:smiling_face_with_tear:
1469,:partying_face:
1470,:woozy_face:
1471,:hot_face:
1472,:cold_face:
1473,:ninja:
1474,:disguised_face:
1475,:pleading_face:
1476,:sari:
1477,:lab_coat:
1478,:goggles:
1479,:hiking_boot:
1480,:womans_flat_shoe:
1481,:crab:
1482,:lion_face:
1483,:scorpion:
1484,:turkey:
1485,:unicorn_face:
1486,:eagle:
1487,:duck:
1488,:bat:
1489,:shark:
1490,:owl:
1491,:fox_face:
1492,:butterfly:
1493,:deer:
1494,:gorilla:
1495,:lizard:
1496,:rhinoceros:
1497,:shrimp:
1498,:squid:
1499,:giraffe_face:
1500,:zebra_face:
1501,:hedgehog:
1502,:sauropod:
1503,:t-rex:
1504,:cricket:
1505,:kangaroo:
1506,:llama:
1507,:peacock:
1508,:hippopotamus:
1509,:parrot:
1510,:raccoon:
1511,:lobster:
1512,:mosquito:
1513,:microbe:
1514,:badger:
1515,:swan:
1516,:mammoth:
1517,:dodo:
1518,:sloth:
1519,:otter:
1520,:orangutan:
1521,:skunk:
1522,:flamingo:
1523,:oyster:
1524,:beaver:
1525,:bison:
1526,:seal:
1527,:guide_dog:
1528,:probing_cane:
1529,:bone:
1530,:leg:
1531,:foot:
1532,:tooth:
1533,:female_superhero:
1534,:male_superhero:
1535,:superhero:
1536,:female_supervillain:
1537,:male_supervillain:
1538,:supervillain:
1539,:safety_vest:
1540,:ear_with_hearing_aid:
1541,:motorized_wheelchair:
1542,:manual_wheelchair:
1543,:mechanical_arm:
1544,:mechanical_leg:
1545,:cheese_wedge:
1546,:cupcake:
1547,:salt:
1548,:beverage_box:
1549,:garlic:
1550,:onion:
1551,:falafel:
1552,:waffle:
1553,:butter:
1554,:mate_drink:
1555,:ice_cube:
1556,:bubble_tea:
1557,:woman_standing:
1558,:man_standing:
1559,:standing_person:
1560,:woman_kneeling:
1561,:man_kneeling:
1562,:kneeling_person:
1563,:deaf_woman:
1564,:deaf_man:
1565,:deaf_person:
1566,:face_with_monocle:
1567,:farmer:
1568,:cook:
1569,:person_feeding_baby:
1570,:mx_claus:
1571,:student:
1572,:singer:
1573,:artist:
1574,:teacher:
1575,:factory_worker:
1576,:technologist:
1577,:office_worker:
1578,:mechanic:
1579,:scientist:
1580,:astronaut:
1581,:firefighter:
1582,:people_holding_hands:
1583,:person_with_probing_cane:
1584,:red_haired_person:
1585,:curly_haired_person:
1586,:bald_person:
1587,:white_haired_person:
1588,:person_in_motorized_wheelchair:
1589,:person_in_manual_wheelchair:
1590,:health_worker:
1591,:judge:
1592,:pilot:
1593,:adult:
1594,:child:
1595,:older_adult:
1596,:woman_with_beard:
1597,:man_with_beard:
1598,:bearded_person:
1599,:person_with_headscarf:
1600,:woman_in_steamy_room:
1601,:man_in_steamy_room:
1602,:person_in_steamy_room:
1603,:woman_climbing:
1604,:person_climbing:
1605,:man_climbing:
1606,:woman_in_lotus_position:
1607,:person_in_lotus_position:
1608,:man_in_lotus_position:
1609,:female_mage:
1610,:mage:
1611,:male_mage:
1612,:female_fairy:
1613,:fairy:
1614,:male_fairy:
1615,:female_vampire:
1616,:vampire:
1617,:male_vampire:
1618,:mermaid:
1619,:merman:
1620,:merperson:
1621,:female_elf:
1622,:male_elf:
1623,:elf:
1624,:female_genie:
1625,:male_genie:
1626,:genie:
1627,:female_zombie:
1628,:male_zombie:
1629,:zombie:
1630,:brain:
1631,:orange_heart:
1632,:billed_cap:
1633,:scarf:
1634,:gloves:
1635,:coat:
1636,:socks:
1637,:red_envelope:
1638,:firecracker:
1639,:jigsaw:
1640,:test_tube:
1641,:petri_dish:
1642,:dna:
1643,:compass:
1644,:abacus:
1645,:fire_extinguisher:
1646,:toolbox:
1647,:bricks:
1648,:magnet:
1649,:luggage:
1650,:lotion_bottle:
1651,:thread:
1652,:yarn:
1653,:safety_pin:
1654,:teddy_bear:
1655,:broom:
1656,:basket:
1657,:roll_of_paper:
1658,:soap:
1659,:sponge:
1660,:receipt:
1661,:nazar_amulet:
1662,:ballet_shoes:
1663,:one-piece_swimsuit:
1664,:briefs:
1665,:shorts:
1666,:thong_sandal:
1667,:drop_of_blood:
1668,:adhesive_bandage:
1669,:stethoscope:
1670,:yo-yo:
1671,:kite:
1672,:parachute:
1673,:boomerang:
1674,:magic_wand:
1675,:pinata:
1676,:nesting_dolls:
1677,:ringed_planet:
1678,:chair:
1679,:razor:
1680,:axe:
1681,:diya_lamp:
1682,:banjo:
1683,:military_helmet:
1684,:accordion:
1685,:long_drum:
1686,:coin:
1687,:carpentry_saw:
1688,:screwdriver:
1689,:ladder:
1690,:hook:
1691,:mirror:
1692,:window:
1693,:plunger:
1694,:sewing_needle:
1695,:knot:
1696,:bucket:
1697,:mouse_trap:
1698,:toothbrush:
1699,:headstone:
1700,:placard:
1701,:rock:
1702,:fly:
1703,:worm:
1704,:beetle:
1705,:cockroach:
1706,:potted_plant:
1707,:wood:
1708,:feather:
1709,:anatomical_heart:
1710,:lungs:
1711,:people_hugging:
1712,:blueberries:
1713,:bell_pepper:
1714,:olive:
1715,:flatbread:
1716,:tamale:
1717,:fondue:
1718,:teapot:
1719,:bangbang:
1720,:interrobang:
1721,:tm:
1722,:information_source:
1723,:left_right_arrow:
1724,:arrow_up_down:
1725,:arrow_upper_left:
1726,:arrow_upper_right:
1727,:arrow_lower_right:
1728,:arrow_lower_left:
1729,:leftwards_arrow_with_hook:
1730,:arrow_right_hook:
1731,:watch:
1732,:hourglass:
1733,:keyboard:
1734,:eject:
1735,:fast_forward:
1736,:rewind:
1737,:arrow_double_up:
1738,:arrow_double_down:
1739,:black_right_pointing_double_triangle_with_vertical_bar:
1740,:black_left_pointing_double_triangle_with_vertical_bar:
1741,:black_right_pointing_triangle_with_double_vertical_bar:
1742,:alarm_clock:
1743,:stopwatch:
1744,:timer_clock:
1745,:hourglass_flowing_sand:
1746,:double_vertical_bar:
1747,:black_square_for_stop:
1748,:black_circle_for_record:
1749,:m:
1750,:black_small_square:
1751,:white_small_square:
1752,:arrow_forward:
1753,:arrow_backward:
1754,:white_medium_square:
1755,:black_medium_square:
1756,:white_medium_small_square:
1757,:black_medium_small_square:
1758,:sunny:
1759,:cloud:
1760,:umbrella:
1761,:snowman:
1762,:comet:
1763,:phone:
1764,:telephone:
1765,:ballot_box_with_check:
1766,:shamrock:
1767,:point_up:
1768,:skull_and_crossbones:
1769,:radioactive_sign:
1770,:biohazard_sign:
1771,:orthodox_cross:
1772,:star_and_crescent:
1773,:peace_symbol:
1774,:yin_yang:
1775,:wheel_of_dharma:
1776,:white_frowning_face:
1777,:relaxed:
1778,:female_sign:
1779,:male_sign:
1780,:gemini:
1781,:cancer:
1782,:leo:
1783,:virgo:
1784,:libra:
1785,:scorpius:
1786,:chess_pawn:
1787,:spades:
1788,:clubs:
1789,:hearts:
1790,:diamonds:
1791,:hotsprings:
1792,:recycle:
1793,:infinity:
1794,:wheelchair:
1795,:hammer_and_pick:
1796,:crossed_swords:
1797,:medical_symbol:
1798,:staff_of_aesculapius:
1799,:scales:
1800,:alembic:
1801,:gear:
1802,:atom_symbol:
1803,:fleur_de_lis:
1804,:warning:
1805,:zap:
1806,:transgender_symbol:
1807,:white_circle:
1808,:black_circle:
1809,:coffin:
1810,:funeral_urn:
1811,:soccer:
1812,:baseball:
1813,:snowman_without_snow:
1814,:partly_sunny:
1815,:thunder_cloud_and_rain:
1816,:ophiuchus:
1817,:pick:
1818,:helmet_with_white_cross:
1819,:chains:
1820,:no_entry:
1821,:shinto_shrine:
1822,:church:
1823,:mountain:
1824,:umbrella_on_ground:
1825,:fountain:
1826,:golf:
1827,:ferry:
1828,:boat:
1829,:sailboat:
1830,:skier:
1831,:ice_skate:
1832,:woman-bouncing-ball:
1833,:man-bouncing-ball:
1834,:person_with_ball:
1835,:tent:
1836,:fuelpump:
1837,:scissors:
1838,:airplane:
1839,:email:
1840,:envelope:
1841,:fist:
1842,:hand:
1843,:raised_hand:
1844,:v:
1845,:writing_hand:
1846,:pencil2:
1847,:black_nib:
1848,:heavy_check_mark:
1849,:heavy_multiplication_x:
1850,:latin_cross:
1851,:star_of_david:
1852,:eight_spoked_asterisk:
1853,:eight_pointed_black_star:
1854,:snowflake:
1855,:sparkle:
1856,:x:
1857,:negative_squared_cross_mark:
1858,:heavy_heart_exclamation_mark_ornament:
1859,:heart_on_fire:
1860,:mending_heart:
1861,:heart:
1862,:arrow_right:
1863,:curly_loop:
1864,:loop:
1865,:arrow_heading_up:
1866,:arrow_heading_down:
1867,:arrow_left:
1868,:arrow_up:
1869,:arrow_down:
1870,:black_large_square:
1871,:white_large_square:
1872,:star:
1873,:o:
1874,:wavy_dash:
1875,:part_alternation_mark:
1876,:congratulations:
1877,:secret:
1878,:regional_indicator_a:
1879,:regional_indicator_b:
1880,:regional_indicator_c:
1881,:regional_indicator_d:
1882,:regional_indicator_e:
1883,:regional_indicator_f:
1884,:regional_indicator_g:
1885,:regional_indicator_h:
1886,:regional_indicator_i:
1887,:regional_indicator_j:
1888,:regional_indicator_k:
1889,:regional_indicator_l:
1890,:regional_indicator_m:
1891,:regional_indicator_n:
1892,:regional_indicator_o:
1893,:regional_indicator_p:
1894,:regional_indicator_q:
1895,:regional_indicator_r:
1896,:regional_indicator_s:
1897,:regional_indicator_t:
1898,:regional_indicator_u:
1899,:regional_indicator_v:
1900,:regional_indicator_w:
1901,:regional_indicator_x:
1902,:regional_indicator_y:
1903,:regional_indicator_z:
